,bitcoin,ethereum,crypto,bitcoin_mean,ethereum_mean,solana_mean
bitcoin,1.0,0.8471583665388078,0.8499411451408544,0.5706137399876007,0.38351084144416764,0.17663598984351067
ethereum,0.8471583665388078,1.0,0.8310099347770764,0.5414502241146872,0.5517200373347948,0.11273982212665377
crypto,0.8499411451408544,0.8310099347770764,1.0,0.3123648167046012,0.2320874428272719,0.08453078339759929
bitcoin_mean,0.5706137399876007,0.5414502241146872,0.3123648167046012,1.0,0.8737911386474466,0.8754103386522571
ethereum_mean,0.38351084144416764,0.5517200373347948,0.2320874428272719,0.8737911386474466,1.0,0.8664792152266876
solana_mean,0.17663598984351067,0.11273982212665377,0.08453078339759929,0.8754103386522571,0.8664792152266876,1.0
